{"v":"5.1.13","fr":30,"ip":0,"op":90,"w":600,"h":1000,"nm":"Waiting_dark","ddd":0,"assets":[],"layers":[{"ddd":0,"ind":1,"ty":4,"nm":"Line 9","sr":1,"ks":{"o":{"a":0,"k":100,"ix":11},"r":{"a":0,"k":-60,"ix":10},"p":{"s":true,"x":{"a":0,"k":271.051,"ix":3},"y":{"a":0,"k":775.23,"ix":4}},"a":{"a":0,"k":[0,0,0],"ix":1},"s":{"a":0,"k":[20,20,100],"ix":6}},"ao":0,"shapes":[{"ty":"gr","it":[{"ind":0,"ty":"sh","ix":1,"ks":{"a":0,"k":{"i":[[0,0],[93.699,157.228]],"o":[[0,0],[-88.222,-148.038]],"v":[[301.782,593.406],[-293.457,399.481]],"c":false},"ix":2},"nm":"Path 1","mn":"ADBE Vector Shape - Group","hd":false},{"ty":"tm","s":{"a":1,"k":[{"i":{"x":[0.096],"y":[0.996]},"o":{"x":[0.539],"y":[-0.007]},"n":["0p096_0p996_0p539_-0p007"],"t":60,"s":[100],"e":[0.1]},{"t":72.9625029718236}],"ix":1},"e":{"a":1,"k":[{"i":{"x":[0],"y":[0.996]},"o":{"x":[0.35],"y":[-0.004]},"n":["0_0p996_0p35_-0p004"],"t":60,"s":[100],"e":[0]},{"t":72.9625029718236}],"ix":2},"o":{"a":0,"k":0,"ix":3},"m":1,"ix":2,"nm":"Trim Paths 1","mn":"ADBE Vector Filter - Trim","hd":false},{"ty":"st","c":{"a":0,"k":[0.176470588235,0.176470588235,0.176470588235,1],"ix":3},"o":{"a":0,"k":100,"ix":4},"w":{"a":1,"k":[{"i":{"x":[0.562],"y":[1]},"o":{"x":[0.195],"y":[0]},"n":["0p562_1_0p195_0"],"t":60,"s":[0],"e":[100]},{"i":{"x":[0.843],"y":[1]},"o":{"x":[0.352],"y":[0]},"n":["0p843_1_0p352_0"],"t":61.851,"s":[100],"e":[100]},{"i":{"x":[0.667],"y":[1]},"o":{"x":[0.333],"y":[0]},"n":["0p667_1_0p333_0"],"t":67.408,"s":[100],"e":[0]},{"t":80.0000032584668}],"ix":5},"lc":2,"lj":1,"ml":4,"nm":"Stroke 1","mn":"ADBE Vector Graphic - Stroke","hd":false},{"ty":"tr","p":{"a":0,"k":[0,0],"ix":2},"a":{"a":0,"k":[0,0],"ix":1},"s":{"a":0,"k":[100,100],"ix":3},"r":{"a":0,"k":0,"ix":6},"o":{"a":0,"k":100,"ix":7},"sk":{"a":0,"k":0,"ix":4},"sa":{"a":0,"k":0,"ix":5},"nm":"Transform"}],"nm":"Shape 1","np":4,"cix":2,"ix":1,"mn":"ADBE Vector Group","hd":false}],"ip":60.0000024438501,"op":81.0000032991976,"st":60.0000024438501,"bm":0},{"ddd":0,"ind":2,"ty":4,"nm":"Line 8","sr":1,"ks":{"o":{"a":0,"k":100,"ix":11},"r":{"a":0,"k":-20,"ix":10},"p":{"s":true,"x":{"a":0,"k":459.551,"ix":3},"y":{"a":0,"k":790.73,"ix":4}},"a":{"a":0,"k":[0,0,0],"ix":1},"s":{"a":0,"k":[20,20,100],"ix":6}},"ao":0,"shapes":[{"ty":"gr","it":[{"ind":0,"ty":"sh","ix":1,"ks":{"a":0,"k":{"i":[[0,0],[0,0]],"o":[[0,0],[0,0]],"v":[[36.072,255.605],[-760.514,145.225]],"c":false},"ix":2},"nm":"Path 1","mn":"ADBE Vector Shape - Group","hd":false},{"ty":"tm","s":{"a":1,"k":[{"i":{"x":[0.096],"y":[0.996]},"o":{"x":[0.539],"y":[-0.007]},"n":["0p096_0p996_0p539_-0p007"],"t":59,"s":[100],"e":[0.1]},{"t":71.9625029310927}],"ix":1},"e":{"a":1,"k":[{"i":{"x":[0],"y":[0.996]},"o":{"x":[0.35],"y":[-0.004]},"n":["0_0p996_0p35_-0p004"],"t":59,"s":[100],"e":[0]},{"t":71.9625029310927}],"ix":2},"o":{"a":0,"k":0,"ix":3},"m":1,"ix":2,"nm":"Trim Paths 1","mn":"ADBE Vector Filter - Trim","hd":false},{"ty":"st","c":{"a":0,"k":[0.176470588235,0.176470588235,0.176470588235,1],"ix":3},"o":{"a":0,"k":100,"ix":4},"w":{"a":1,"k":[{"i":{"x":[0.562],"y":[1]},"o":{"x":[0.195],"y":[0]},"n":["0p562_1_0p195_0"],"t":59,"s":[0],"e":[100]},{"i":{"x":[0.843],"y":[1]},"o":{"x":[0.352],"y":[0]},"n":["0p843_1_0p352_0"],"t":60.851,"s":[100],"e":[100]},{"i":{"x":[0.667],"y":[1]},"o":{"x":[0.333],"y":[0]},"n":["0p667_1_0p333_0"],"t":66.408,"s":[100],"e":[0]},{"t":79.000003217736}],"ix":5},"lc":2,"lj":1,"ml":4,"nm":"Stroke 1","mn":"ADBE Vector Graphic - Stroke","hd":false},{"ty":"tr","p":{"a":0,"k":[0,0],"ix":2},"a":{"a":0,"k":[0,0],"ix":1},"s":{"a":0,"k":[100,100],"ix":3},"r":{"a":0,"k":0,"ix":6},"o":{"a":0,"k":100,"ix":7},"sk":{"a":0,"k":0,"ix":4},"sa":{"a":0,"k":0,"ix":5},"nm":"Transform"}],"nm":"Shape 1","np":4,"cix":2,"ix":1,"mn":"ADBE Vector Group","hd":false}],"ip":59.0000024031193,"op":80.0000032584668,"st":59.0000024031193,"bm":0},{"ddd":0,"ind":3,"ty":4,"nm":"Line 7","sr":1,"ks":{"o":{"a":0,"k":100,"ix":11},"r":{"a":0,"k":-128,"ix":10},"p":{"s":true,"x":{"a":0,"k":189.348,"ix":3},"y":{"a":0,"k":769.674,"ix":4}},"a":{"a":0,"k":[0,0,0],"ix":1},"s":{"a":0,"k":[20,20,100],"ix":6}},"ao":0,"shapes":[{"ty":"gr","it":[{"ind":0,"ty":"sh","ix":1,"ks":{"a":0,"k":{"i":[[0,0],[200.538,-257.135]],"o":[[0,0],[0,0]],"v":[[-163.922,-379.135],[-692.647,92.525]],"c":false},"ix":2},"nm":"Path 1","mn":"ADBE Vector Shape - Group","hd":false},{"ty":"tm","s":{"a":1,"k":[{"i":{"x":[0.096],"y":[0.996]},"o":{"x":[0.539],"y":[-0.007]},"n":["0p096_0p996_0p539_-0p007"],"t":58,"s":[100],"e":[0.1]},{"t":70.9625028903619}],"ix":1},"e":{"a":1,"k":[{"i":{"x":[0],"y":[0.996]},"o":{"x":[0.35],"y":[-0.004]},"n":["0_0p996_0p35_-0p004"],"t":58,"s":[100],"e":[0]},{"t":70.9625028903619}],"ix":2},"o":{"a":0,"k":0,"ix":3},"m":1,"ix":2,"nm":"Trim Paths 1","mn":"ADBE Vector Filter - Trim","hd":false},{"ty":"st","c":{"a":0,"k":[0.176470588235,0.176470588235,0.176470588235,1],"ix":3},"o":{"a":0,"k":100,"ix":4},"w":{"a":1,"k":[{"i":{"x":[0.562],"y":[1]},"o":{"x":[0.195],"y":[0]},"n":["0p562_1_0p195_0"],"t":58,"s":[0],"e":[100]},{"i":{"x":[0.843],"y":[1]},"o":{"x":[0.352],"y":[0]},"n":["0p843_1_0p352_0"],"t":59.851,"s":[100],"e":[100]},{"i":{"x":[0.667],"y":[1]},"o":{"x":[0.333],"y":[0]},"n":["0p667_1_0p333_0"],"t":65.408,"s":[100],"e":[0]},{"t":78.0000031770051}],"ix":5},"lc":2,"lj":1,"ml":4,"nm":"Stroke 1","mn":"ADBE Vector Graphic - Stroke","hd":false},{"ty":"tr","p":{"a":0,"k":[0,0],"ix":2},"a":{"a":0,"k":[0,0],"ix":1},"s":{"a":0,"k":[100,100],"ix":3},"r":{"a":0,"k":0,"ix":6},"o":{"a":0,"k":100,"ix":7},"sk":{"a":0,"k":0,"ix":4},"sa":{"a":0,"k":0,"ix":5},"nm":"Transform"}],"nm":"Shape 1","np":4,"cix":2,"ix":1,"mn":"ADBE Vector Group","hd":false}],"ip":58.0000023623884,"op":79.000003217736,"st":58.0000023623884,"bm":0},{"ddd":0,"ind":4,"ty":4,"nm":"Line 6","sr":1,"ks":{"o":{"a":0,"k":100,"ix":11},"r":{"a":0,"k":-45,"ix":10},"p":{"s":true,"x":{"a":0,"k":383.551,"ix":3},"y":{"a":0,"k":799.73,"ix":4}},"a":{"a":0,"k":[0,0,0],"ix":1},"s":{"a":0,"k":[20,20,100],"ix":6}},"ao":0,"shapes":[{"ty":"gr","it":[{"ind":0,"ty":"sh","ix":1,"ks":{"a":0,"k":{"i":[[0,0],[159.448,159.448]],"o":[[0,0],[-101.112,-101.112]],"v":[[55.96,-477.949],[-561.48,-65.368]],"c":false},"ix":2},"nm":"Path 1","mn":"ADBE Vector Shape - Group","hd":false},{"ty":"tm","s":{"a":1,"k":[{"i":{"x":[0.096],"y":[0.996]},"o":{"x":[0.539],"y":[-0.007]},"n":["0p096_0p996_0p539_-0p007"],"t":30,"s":[100],"e":[0.1]},{"t":42.9625017498985}],"ix":1},"e":{"a":1,"k":[{"i":{"x":[0],"y":[0.996]},"o":{"x":[0.35],"y":[-0.004]},"n":["0_0p996_0p35_-0p004"],"t":30,"s":[100],"e":[0]},{"t":42.9625017498985}],"ix":2},"o":{"a":0,"k":0,"ix":3},"m":1,"ix":2,"nm":"Trim Paths 1","mn":"ADBE Vector Filter - Trim","hd":false},{"ty":"st","c":{"a":0,"k":[0.176470588235,0.176470588235,0.176470588235,1],"ix":3},"o":{"a":0,"k":100,"ix":4},"w":{"a":1,"k":[{"i":{"x":[0.562],"y":[1]},"o":{"x":[0.195],"y":[0]},"n":["0p562_1_0p195_0"],"t":30,"s":[0],"e":[100]},{"i":{"x":[0.843],"y":[1]},"o":{"x":[0.352],"y":[0]},"n":["0p843_1_0p352_0"],"t":31.851,"s":[100],"e":[100]},{"i":{"x":[0.667],"y":[1]},"o":{"x":[0.333],"y":[0]},"n":["0p667_1_0p333_0"],"t":37.408,"s":[100],"e":[0]},{"t":50.0000020365418}],"ix":5},"lc":2,"lj":1,"ml":4,"nm":"Stroke 1","mn":"ADBE Vector Graphic - Stroke","hd":false},{"ty":"tr","p":{"a":0,"k":[0,0],"ix":2},"a":{"a":0,"k":[0,0],"ix":1},"s":{"a":0,"k":[100,100],"ix":3},"r":{"a":0,"k":0,"ix":6},"o":{"a":0,"k":100,"ix":7},"sk":{"a":0,"k":0,"ix":4},"sa":{"a":0,"k":0,"ix":5},"nm":"Transform"}],"nm":"Shape 1","np":4,"cix":2,"ix":1,"mn":"ADBE Vector Group","hd":false}],"ip":30.0000012219251,"op":51.0000020772726,"st":30.0000012219251,"bm":0},{"ddd":0,"ind":5,"ty":4,"nm":"Line 5","sr":1,"ks":{"o":{"a":0,"k":100,"ix":11},"r":{"a":0,"k":-120,"ix":10},"p":{"s":true,"x":{"a":0,"k":209.348,"ix":3},"y":{"a":0,"k":764.674,"ix":4}},"a":{"a":0,"k":[0,0,0],"ix":1},"s":{"a":0,"k":[20,20,100],"ix":6}},"ao":0,"shapes":[{"ty":"gr","it":[{"ind":0,"ty":"sh","ix":1,"ks":{"a":0,"k":{"i":[[0,0],[186.414,-149.617]],"o":[[0,0],[0,0]],"v":[[-61.481,-299.099],[-619.013,30.636]],"c":false},"ix":2},"nm":"Path 1","mn":"ADBE Vector Shape - Group","hd":false},{"ty":"tm","s":{"a":1,"k":[{"i":{"x":[0.096],"y":[0.996]},"o":{"x":[0.539],"y":[-0.007]},"n":["0p096_0p996_0p539_-0p007"],"t":29,"s":[100],"e":[0.1]},{"t":41.9625017091677}],"ix":1},"e":{"a":1,"k":[{"i":{"x":[0],"y":[0.996]},"o":{"x":[0.35],"y":[-0.004]},"n":["0_0p996_0p35_-0p004"],"t":29,"s":[100],"e":[0]},{"t":41.9625017091677}],"ix":2},"o":{"a":0,"k":0,"ix":3},"m":1,"ix":2,"nm":"Trim Paths 1","mn":"ADBE Vector Filter - Trim","hd":false},{"ty":"st","c":{"a":0,"k":[0.176470588235,0.176470588235,0.176470588235,1],"ix":3},"o":{"a":0,"k":100,"ix":4},"w":{"a":1,"k":[{"i":{"x":[0.562],"y":[1]},"o":{"x":[0.195],"y":[0]},"n":["0p562_1_0p195_0"],"t":29,"s":[0],"e":[100]},{"i":{"x":[0.843],"y":[1]},"o":{"x":[0.352],"y":[0]},"n":["0p843_1_0p352_0"],"t":30.851,"s":[100],"e":[100]},{"i":{"x":[0.667],"y":[1]},"o":{"x":[0.333],"y":[0]},"n":["0p667_1_0p333_0"],"t":36.408,"s":[100],"e":[0]},{"t":49.0000019958109}],"ix":5},"lc":2,"lj":1,"ml":4,"nm":"Stroke 1","mn":"ADBE Vector Graphic - Stroke","hd":false},{"ty":"tr","p":{"a":0,"k":[0,0],"ix":2},"a":{"a":0,"k":[0,0],"ix":1},"s":{"a":0,"k":[100,100],"ix":3},"r":{"a":0,"k":0,"ix":6},"o":{"a":0,"k":100,"ix":7},"sk":{"a":0,"k":0,"ix":4},"sa":{"a":0,"k":0,"ix":5},"nm":"Transform"}],"nm":"Shape 1","np":4,"cix":2,"ix":1,"mn":"ADBE Vector Group","hd":false}],"ip":29.0000011811942,"op":50.0000020365418,"st":29.0000011811942,"bm":0},{"ddd":0,"ind":6,"ty":4,"nm":"Line 4","sr":1,"ks":{"o":{"a":0,"k":100,"ix":11},"r":{"a":0,"k":-20,"ix":10},"p":{"s":true,"x":{"a":0,"k":459.551,"ix":3},"y":{"a":0,"k":790.73,"ix":4}},"a":{"a":0,"k":[0,0,0],"ix":1},"s":{"a":0,"k":[20,20,100],"ix":6}},"ao":0,"shapes":[{"ty":"gr","it":[{"ind":0,"ty":"sh","ix":1,"ks":{"a":0,"k":{"i":[[0,0],[295.417,35.447]],"o":[[-100.073,7.205],[-136.545,-16.384]],"v":[[-106.359,142.574],[-737.229,132.417]],"c":false},"ix":2},"nm":"Path 1","mn":"ADBE Vector Shape - Group","hd":false},{"ty":"tm","s":{"a":1,"k":[{"i":{"x":[0.096],"y":[0.996]},"o":{"x":[0.539],"y":[-0.007]},"n":["0p096_0p996_0p539_-0p007"],"t":28,"s":[100],"e":[0.1]},{"t":40.9625016684368}],"ix":1},"e":{"a":1,"k":[{"i":{"x":[0],"y":[0.996]},"o":{"x":[0.35],"y":[-0.004]},"n":["0_0p996_0p35_-0p004"],"t":28,"s":[100],"e":[0]},{"t":40.9625016684368}],"ix":2},"o":{"a":0,"k":0,"ix":3},"m":1,"ix":2,"nm":"Trim Paths 1","mn":"ADBE Vector Filter - Trim","hd":false},{"ty":"st","c":{"a":0,"k":[0.176470588235,0.176470588235,0.176470588235,1],"ix":3},"o":{"a":0,"k":100,"ix":4},"w":{"a":1,"k":[{"i":{"x":[0.562],"y":[1]},"o":{"x":[0.195],"y":[0]},"n":["0p562_1_0p195_0"],"t":28,"s":[0],"e":[100]},{"i":{"x":[0.843],"y":[1]},"o":{"x":[0.352],"y":[0]},"n":["0p843_1_0p352_0"],"t":29.851,"s":[100],"e":[100]},{"i":{"x":[0.667],"y":[1]},"o":{"x":[0.333],"y":[0]},"n":["0p667_1_0p333_0"],"t":35.408,"s":[100],"e":[0]},{"t":48.0000019550801}],"ix":5},"lc":2,"lj":1,"ml":4,"nm":"Stroke 1","mn":"ADBE Vector Graphic - Stroke","hd":false},{"ty":"tr","p":{"a":0,"k":[0,0],"ix":2},"a":{"a":0,"k":[0,0],"ix":1},"s":{"a":0,"k":[100,100],"ix":3},"r":{"a":0,"k":0,"ix":6},"o":{"a":0,"k":100,"ix":7},"sk":{"a":0,"k":0,"ix":4},"sa":{"a":0,"k":0,"ix":5},"nm":"Transform"}],"nm":"Shape 1","np":4,"cix":2,"ix":1,"mn":"ADBE Vector Group","hd":false}],"ip":28.0000011404634,"op":49.0000019958109,"st":28.0000011404634,"bm":0},{"ddd":0,"ind":7,"ty":4,"nm":"Line 3","sr":1,"ks":{"o":{"a":0,"k":100,"ix":11},"r":{"a":0,"k":-60,"ix":10},"p":{"s":true,"x":{"a":0,"k":271.051,"ix":3},"y":{"a":0,"k":775.23,"ix":4}},"a":{"a":0,"k":[0,0,0],"ix":1},"s":{"a":0,"k":[20,20,100],"ix":6}},"ao":0,"shapes":[{"ty":"gr","it":[{"ind":0,"ty":"sh","ix":1,"ks":{"a":0,"k":{"i":[[0,0],[-63.634,-160.153]],"o":[[-195.296,213.733],[63.634,160.153]],"v":[[-74.809,-343.87],[-354.551,258.662]],"c":false},"ix":2},"nm":"Path 1","mn":"ADBE Vector Shape - Group","hd":false},{"ty":"tm","s":{"a":1,"k":[{"i":{"x":[0.096],"y":[0.996]},"o":{"x":[0.539],"y":[-0.007]},"n":["0p096_0p996_0p539_-0p007"],"t":0,"s":[100],"e":[0.1]},{"t":12.9625005279734}],"ix":1},"e":{"a":1,"k":[{"i":{"x":[0],"y":[0.996]},"o":{"x":[0.35],"y":[-0.004]},"n":["0_0p996_0p35_-0p004"],"t":0,"s":[100],"e":[0]},{"t":12.9625005279734}],"ix":2},"o":{"a":0,"k":0,"ix":3},"m":1,"ix":2,"nm":"Trim Paths 1","mn":"ADBE Vector Filter - Trim","hd":false},{"ty":"st","c":{"a":0,"k":[0.176470588235,0.176470588235,0.176470588235,1],"ix":3},"o":{"a":0,"k":100,"ix":4},"w":{"a":1,"k":[{"i":{"x":[0.562],"y":[1]},"o":{"x":[0.195],"y":[0]},"n":["0p562_1_0p195_0"],"t":0,"s":[0],"e":[100]},{"i":{"x":[0.843],"y":[1]},"o":{"x":[0.352],"y":[0]},"n":["0p843_1_0p352_0"],"t":1.851,"s":[100],"e":[100]},{"i":{"x":[0.667],"y":[1]},"o":{"x":[0.333],"y":[0]},"n":["0p667_1_0p333_0"],"t":7.408,"s":[100],"e":[0]},{"t":20.0000008146167}],"ix":5},"lc":2,"lj":1,"ml":4,"nm":"Stroke 1","mn":"ADBE Vector Graphic - Stroke","hd":false},{"ty":"tr","p":{"a":0,"k":[0,0],"ix":2},"a":{"a":0,"k":[0,0],"ix":1},"s":{"a":0,"k":[100,100],"ix":3},"r":{"a":0,"k":0,"ix":6},"o":{"a":0,"k":100,"ix":7},"sk":{"a":0,"k":0,"ix":4},"sa":{"a":0,"k":0,"ix":5},"nm":"Transform"}],"nm":"Shape 1","np":4,"cix":2,"ix":1,"mn":"ADBE Vector Group","hd":false}],"ip":0,"op":21.0000008553475,"st":0,"bm":0},{"ddd":0,"ind":8,"ty":4,"nm":"Line 2","sr":1,"ks":{"o":{"a":0,"k":100,"ix":11},"r":{"a":0,"k":-128,"ix":10},"p":{"s":true,"x":{"a":0,"k":189.348,"ix":3},"y":{"a":0,"k":769.674,"ix":4}},"a":{"a":0,"k":[0,0,0],"ix":1},"s":{"a":0,"k":[20,20,100],"ix":6}},"ao":0,"shapes":[{"ty":"gr","it":[{"ind":0,"ty":"sh","ix":1,"ks":{"a":0,"k":{"i":[[0,0],[228.118,-235.587]],"o":[[0,0],[0,0]],"v":[[-61.481,-299.099],[-652.692,69.809]],"c":false},"ix":2},"nm":"Path 1","mn":"ADBE Vector Shape - Group","hd":false},{"ty":"tm","s":{"a":1,"k":[{"i":{"x":[0.096],"y":[0.996]},"o":{"x":[0.539],"y":[-0.007]},"n":["0p096_0p996_0p539_-0p007"],"t":-1,"s":[100],"e":[0.1]},{"t":11.9625004872426}],"ix":1},"e":{"a":1,"k":[{"i":{"x":[0],"y":[0.996]},"o":{"x":[0.35],"y":[-0.004]},"n":["0_0p996_0p35_-0p004"],"t":-1,"s":[100],"e":[0]},{"t":11.9625004872426}],"ix":2},"o":{"a":0,"k":0,"ix":3},"m":1,"ix":2,"nm":"Trim Paths 1","mn":"ADBE Vector Filter - Trim","hd":false},{"ty":"st","c":{"a":0,"k":[0.176470588235,0.176470588235,0.176470588235,1],"ix":3},"o":{"a":0,"k":100,"ix":4},"w":{"a":1,"k":[{"i":{"x":[0.562],"y":[1]},"o":{"x":[0.195],"y":[0]},"n":["0p562_1_0p195_0"],"t":-1,"s":[0],"e":[100]},{"i":{"x":[0.843],"y":[1]},"o":{"x":[0.352],"y":[0]},"n":["0p843_1_0p352_0"],"t":0.851,"s":[100],"e":[100]},{"i":{"x":[0.667],"y":[1]},"o":{"x":[0.333],"y":[0]},"n":["0p667_1_0p333_0"],"t":6.408,"s":[100],"e":[0]},{"t":19.0000007738859}],"ix":5},"lc":2,"lj":1,"ml":4,"nm":"Stroke 1","mn":"ADBE Vector Graphic - Stroke","hd":false},{"ty":"tr","p":{"a":0,"k":[0,0],"ix":2},"a":{"a":0,"k":[0,0],"ix":1},"s":{"a":0,"k":[100,100],"ix":3},"r":{"a":0,"k":0,"ix":6},"o":{"a":0,"k":100,"ix":7},"sk":{"a":0,"k":0,"ix":4},"sa":{"a":0,"k":0,"ix":5},"nm":"Transform"}],"nm":"Shape 1","np":4,"cix":2,"ix":1,"mn":"ADBE Vector Group","hd":false}],"ip":0,"op":20.0000008146167,"st":-1.00000004073083,"bm":0},{"ddd":0,"ind":9,"ty":4,"nm":"Line 1","sr":1,"ks":{"o":{"a":0,"k":100,"ix":11},"r":{"a":0,"k":-20,"ix":10},"p":{"s":true,"x":{"a":0,"k":459.551,"ix":3},"y":{"a":0,"k":790.73,"ix":4}},"a":{"a":0,"k":[0,0,0],"ix":1},"s":{"a":0,"k":[20,20,100],"ix":6}},"ao":0,"shapes":[{"ty":"gr","it":[{"ind":0,"ty":"sh","ix":1,"ks":{"a":0,"k":{"i":[[0,0],[0,0]],"o":[[-240.828,6.523],[0,0]],"v":[[-106.359,142.574],[-714.376,135.414]],"c":false},"ix":2},"nm":"Path 1","mn":"ADBE Vector Shape - Group","hd":false},{"ty":"tm","s":{"a":1,"k":[{"i":{"x":[0.096],"y":[0.996]},"o":{"x":[0.539],"y":[-0.007]},"n":["0p096_0p996_0p539_-0p007"],"t":-2,"s":[100],"e":[0.1]},{"t":10.9625004465118}],"ix":1},"e":{"a":1,"k":[{"i":{"x":[0],"y":[0.996]},"o":{"x":[0.35],"y":[-0.004]},"n":["0_0p996_0p35_-0p004"],"t":-2,"s":[100],"e":[0]},{"t":10.9625004465118}],"ix":2},"o":{"a":0,"k":0,"ix":3},"m":1,"ix":2,"nm":"Trim Paths 1","mn":"ADBE Vector Filter - Trim","hd":false},{"ty":"st","c":{"a":0,"k":[0.176470588235,0.176470588235,0.176470588235,1],"ix":3},"o":{"a":0,"k":100,"ix":4},"w":{"a":1,"k":[{"i":{"x":[0.562],"y":[1]},"o":{"x":[0.195],"y":[0]},"n":["0p562_1_0p195_0"],"t":-2,"s":[0],"e":[100]},{"i":{"x":[0.843],"y":[1]},"o":{"x":[0.352],"y":[0]},"n":["0p843_1_0p352_0"],"t":-0.149,"s":[100],"e":[100]},{"i":{"x":[0.667],"y":[1]},"o":{"x":[0.333],"y":[0]},"n":["0p667_1_0p333_0"],"t":5.408,"s":[100],"e":[0]},{"t":18.000000733155}],"ix":5},"lc":2,"lj":1,"ml":4,"nm":"Stroke 1","mn":"ADBE Vector Graphic - Stroke","hd":false},{"ty":"tr","p":{"a":0,"k":[0,0],"ix":2},"a":{"a":0,"k":[0,0],"ix":1},"s":{"a":0,"k":[100,100],"ix":3},"r":{"a":0,"k":0,"ix":6},"o":{"a":0,"k":100,"ix":7},"sk":{"a":0,"k":0,"ix":4},"sa":{"a":0,"k":0,"ix":5},"nm":"Transform"}],"nm":"Shape 1","np":4,"cix":2,"ix":1,"mn":"ADBE Vector Group","hd":false}],"ip":0,"op":19.0000007738859,"st":-2.00000008146167,"bm":0},{"ddd":0,"ind":10,"ty":4,"nm":"Triangle","sr":1,"ks":{"o":{"a":0,"k":100,"ix":11},"r":{"a":1,"k":[{"i":{"x":[0.833],"y":[0.833]},"o":{"x":[0.167],"y":[0.167]},"n":["0p833_0p833_0p167_0p167"],"t":60,"s":[0],"e":[360]},{"t":90.0000036657751}],"ix":10},"p":{"s":true,"x":{"a":0,"k":300.609,"ix":3},"y":{"a":1,"k":[{"i":{"x":[0.35],"y":[1]},"o":{"x":[0.02],"y":[0.422]},"n":["0p35_1_0p02_0p422"],"t":60,"s":[834],"e":[500]},{"i":{"x":[0.894],"y":[0.579]},"o":{"x":[0.65],"y":[0]},"n":["0p894_0p579_0p65_0"],"t":75,"s":[500],"e":[834]},{"t":90.0000036657751}],"ix":4}},"a":{"a":0,"k":[0,5.481,0],"ix":1},"s":{"a":0,"k":[100,100,100],"ix":6}},"ao":0,"shapes":[{"ty":"gr","it":[{"ty":"sr","sy":2,"d":1,"pt":{"a":0,"k":3,"ix":3},"p":{"a":0,"k":[0,0],"ix":4},"r":{"a":0,"k":0,"ix":5},"or":{"a":0,"k":69.373,"ix":7},"os":{"a":0,"k":0,"ix":9},"ix":1,"nm":"Polystar Path 1","mn":"ADBE Vector Shape - Star","hd":false},{"ty":"fl","c":{"a":0,"k":[0.16470588235294117,0.10588235294117647,0.803921568627451,1],"ix":4},"o":{"a":0,"k":100,"ix":5},"r":1,"nm":"Fill 1","mn":"ADBE Vector Graphic - Fill","hd":false},{"ty":"tr","p":{"a":0,"k":[-0.609,5.824],"ix":2},"a":{"a":0,"k":[0,0],"ix":1},"s":{"a":0,"k":[100,100],"ix":3},"r":{"a":0,"k":0,"ix":6},"o":{"a":0,"k":100,"ix":7},"sk":{"a":0,"k":0,"ix":4},"sa":{"a":0,"k":0,"ix":5},"nm":"Transform"}],"nm":"Polystar 1","np":3,"cix":2,"ix":1,"mn":"ADBE Vector Group","hd":false}],"ip":61.0000024845809,"op":91.000003706506,"st":60.0000024438501,"bm":0},{"ddd":0,"ind":11,"ty":4,"nm":"Circle","sr":1,"ks":{"o":{"a":0,"k":100,"ix":11},"r":{"a":1,"k":[{"i":{"x":[0.833],"y":[0.833]},"o":{"x":[0.167],"y":[0.167]},"n":["0p833_0p833_0p167_0p167"],"t":30,"s":[0],"e":[360]},{"t":60.0000024438501}],"ix":10},"p":{"s":true,"x":{"a":0,"k":300,"ix":3},"y":{"a":1,"k":[{"i":{"x":[0.35],"y":[1]},"o":{"x":[0.02],"y":[0.427]},"n":["0p35_1_0p02_0p427"],"t":30,"s":[832],"e":[502]},{"i":{"x":[0.894],"y":[0.573]},"o":{"x":[0.65],"y":[0]},"n":["0p894_0p573_0p65_0"],"t":45,"s":[502],"e":[832]},{"t":60.0000024438501}],"ix":4}},"a":{"a":0,"k":[0,0,0],"ix":1},"s":{"a":0,"k":[100,100,100],"ix":6}},"ao":0,"shapes":[{"ty":"gr","it":[{"d":1,"ty":"el","s":{"a":0,"k":[99.602,99.602],"ix":2},"p":{"a":0,"k":[0,0],"ix":3},"nm":"Ellipse Path 1","mn":"ADBE Vector Shape - Ellipse","hd":false},{"ty":"fl","c":{"a":0,"k":[0.16470588235294117,0.10588235294117647,0.803921568627451,1],"ix":4},"o":{"a":0,"k":100,"ix":5},"r":1,"nm":"Fill 1","mn":"ADBE Vector Graphic - Fill","hd":false},{"ty":"tr","p":{"a":0,"k":[0,-2],"ix":2},"a":{"a":0,"k":[0,0],"ix":1},"s":{"a":0,"k":[100,100],"ix":3},"r":{"a":0,"k":0,"ix":6},"o":{"a":0,"k":100,"ix":7},"sk":{"a":0,"k":0,"ix":4},"sa":{"a":0,"k":0,"ix":5},"nm":"Transform"}],"nm":"Ellipse 1","np":3,"cix":2,"ix":1,"mn":"ADBE Vector Group","hd":false}],"ip":31.0000012626559,"op":61.0000024845809,"st":30.0000012219251,"bm":0},{"ddd":0,"ind":12,"ty":4,"nm":"Rectangle","sr":1,"ks":{"o":{"a":0,"k":100,"ix":11},"r":{"a":1,"k":[{"i":{"x":[0.833],"y":[0.833]},"o":{"x":[0.167],"y":[0.167]},"n":["0p833_0p833_0p167_0p167"],"t":0,"s":[0],"e":[360]},{"t":30.0000012219251}],"ix":10},"p":{"s":true,"x":{"a":0,"k":300,"ix":3},"y":{"a":1,"k":[{"i":{"x":[0.35],"y":[1]},"o":{"x":[0.02],"y":[0.427]},"n":["0p35_1_0p02_0p427"],"t":0,"s":[830],"e":[500]},{"i":{"x":[0.894],"y":[0.573]},"o":{"x":[0.65],"y":[0]},"n":["0p894_0p573_0p65_0"],"t":15,"s":[500],"e":[830]},{"t":30.0000012219251}],"ix":4}},"a":{"a":0,"k":[-92.146,168.854,0],"ix":1},"s":{"a":0,"k":[100,100,100],"ix":6}},"ao":0,"shapes":[{"ty":"gr","it":[{"ty":"rc","d":1,"s":{"a":0,"k":[183.707,183.707],"ix":2},"p":{"a":0,"k":[0,0],"ix":3},"r":{"a":0,"k":0,"ix":4},"nm":"Rectangle Path 1","mn":"ADBE Vector Shape - Rect","hd":false},{"ty":"fl","c":{"a":0,"k":[0.16470588235294117,0.10588235294117647,0.803921568627451,1],"ix":4},"o":{"a":0,"k":100,"ix":5},"r":1,"nm":"Fill 1","mn":"ADBE Vector Graphic - Fill","hd":false},{"ty":"tr","p":{"a":0,"k":[-92.146,168.854],"ix":2},"a":{"a":0,"k":[0,0],"ix":1},"s":{"a":0,"k":[46.846,46.846],"ix":3},"r":{"a":0,"k":0,"ix":6},"o":{"a":0,"k":100,"ix":7},"sk":{"a":0,"k":0,"ix":4},"sa":{"a":0,"k":0,"ix":5},"nm":"Transform"}],"nm":"Rectangle 1","np":3,"cix":2,"ix":1,"mn":"ADBE Vector Group","hd":false}],"ip":0,"op":31.0000012626559,"st":0,"bm":0},{"ddd":0,"ind":13,"ty":4,"nm":"Shadow","sr":1,"ks":{"o":{"a":0,"k":100,"ix":11},"r":{"a":0,"k":0,"ix":10},"p":{"a":0,"k":[300,869.355,0],"ix":2},"a":{"a":0,"k":[-20.672,256.855,0],"ix":1},"s":{"a":1,"k":[{"i":{"x":[0.36,0.36,0.36],"y":[1,1,1]},"o":{"x":[0.02,0.029,0.333],"y":[0,0,0]},"n":["0p36_1_0p02_0","0p36_1_0p029_0","0p36_1_0p333_0"],"t":0,"s":[90,60,100],"e":[52.5,37.5,100]},{"i":{"x":[0.98,0.98,0.667],"y":[1,1,1]},"o":{"x":[0.65,0.65,0.65],"y":[0,0,0]},"n":["0p98_1_0p65_0","0p98_1_0p65_0","0p667_1_0p65_0"],"t":15,"s":[52.5,37.5,100],"e":[90,60,100]},{"i":{"x":[0.36,0.36,0.36],"y":[1,1,1]},"o":{"x":[0.02,0.029,0.333],"y":[0,0,0]},"n":["0p36_1_0p02_0","0p36_1_0p029_0","0p36_1_0p333_0"],"t":30,"s":[90,60,100],"e":[52.5,37.5,100]},{"i":{"x":[0.98,0.98,0.667],"y":[1,1,1]},"o":{"x":[0.65,0.65,0.65],"y":[0,0,0]},"n":["0p98_1_0p65_0","0p98_1_0p65_0","0p667_1_0p65_0"],"t":45,"s":[52.5,37.5,100],"e":[90,60,100]},{"i":{"x":[0.36,0.36,0.36],"y":[1,1,1]},"o":{"x":[0.02,0.029,0.333],"y":[0,0,0]},"n":["0p36_1_0p02_0","0p36_1_0p029_0","0p36_1_0p333_0"],"t":60,"s":[90,60,100],"e":[52.5,37.5,100]},{"i":{"x":[0.98,0.98,0.667],"y":[1,1,1]},"o":{"x":[0.65,0.65,0.65],"y":[0,0,0]},"n":["0p98_1_0p65_0","0p98_1_0p65_0","0p667_1_0p65_0"],"t":75,"s":[52.5,37.5,100],"e":[90,60,100]},{"t":90.0000036657751}],"ix":6}},"ao":0,"shapes":[{"ty":"gr","it":[{"d":1,"ty":"el","s":{"a":0,"k":[510.656,61.711],"ix":2},"p":{"a":0,"k":[0,0],"ix":3},"nm":"Ellipse Path 1","mn":"ADBE Vector Shape - Ellipse","hd":false},{"ty":"fl","c":{"a":0,"k":[0.176470588235,0.176470588235,0.176470588235,1],"ix":4},"o":{"a":0,"k":100,"ix":5},"r":1,"nm":"Fill 1","mn":"ADBE Vector Graphic - Fill","hd":false},{"ty":"tr","p":{"a":0,"k":[-20.672,256.855],"ix":2},"a":{"a":0,"k":[0,0],"ix":1},"s":{"a":0,"k":[23.131,30.487],"ix":3},"r":{"a":0,"k":0,"ix":6},"o":{"a":0,"k":100,"ix":7},"sk":{"a":0,"k":0,"ix":4},"sa":{"a":0,"k":0,"ix":5},"nm":"Transform"}],"nm":"Ellipse 1","np":3,"cix":2,"ix":1,"mn":"ADBE Vector Group","hd":false}],"ip":0,"op":91.000003706506,"st":0,"bm":0}],"markers":[]}
